9129521,1,KP-2108312052,1
9169646,2,KP-2108312052,2
9247287,3,KP-2108312052,3
3026075,4,KP-2108312052,4
3055205,5,KP-2108312052,5
3060476,6,KP-2108312052,6
3079233,7,KP-2108312052,7
4205109,8,KP-2108312052,8
4244406,9,KP-2108312052,9
4352398,10,KP-2108312052,10
4358100,1,KP-2108312052,11
4381855,2,KP-2108312052,12
4381857,3,KP-2108312052,13
4402460,4,KP-2108312052,14
4409122,5,KP-2108312052,15
4409178,6,KP-2108312052,16
4434036,7,KP-2108312052,17
4438771,8,KP-2108312052,18
4443880,9,KP-2108312052,19
4443881,10,KP-2108312052,20
4443882,1,KP-2108312052,21
4443884,2,KP-2108312052,22
4443885,3,KP-2108312052,23
3094967,4,KP-2108312052,24
4244830,5,KP-2108312052,25
